IC50 (nM),class,Ligand SMILES
500000.0,0,C=CCSc1nc2ccc(NC(=O)CCC(=O)O)cc2s1
33285.0,0,CC(=O)Nc1cc(-c2ccccc2)nn1-c1nc(C(=O)O)cs1
9570.0,0,CC(=O)Nc1cc(nn1-c1nc(cs1)C(O)=O)-c1ccccc1
100000.0,0,CC(=O)Nc1ncc(-c2cccc(C(=O)O)c2)nc1N[C@H](C)c1ccccc1
500000.0,0,C=CCSc1nc2ccc(NC(=O)CCC(=O)O)cc2s1
100000.0,0,CC(=O)Nc1ncc(-c2cccc(C(=O)O)c2)nc1N[C@H](C)c1ccccc1
100000.0,0,CC(=O)Nc1ncc(-c2cccc(C(=O)O)c2)nc1N[C@H](C)c1ccccc1
100000.0,0,CC(=O)Nc1ncc(-c2cccc(C(=O)O)c2)nc1N[C@H](C)c1ccccc1
100000.0,0,CC(=O)Nc1ncc(-c2cccc(C(=O)O)c2)nc1N[C@H](C)c1ccccc1
57000.0,0,CC(C)c1cc(-c2ccccc2)nn1-c1nc(C(=O)O)cs1
2000.0,0,CC(C)c1ccc(cc1-c1cnc(N)c(N[C@H](C)c2ccccc2)n1)C(O)=O
2000.0,0,CC(C)c1ccc(cc1-c1cnc(N)c(N[C@H](C)c2ccccc2)n1)C(O)=O
12500.0,0,CC(Sc1ncc(C#N)c(=O)[nH]1)C(=O)Nc1ccc(S(N)(=O)=O)cc1
12500.0,0,CC(Sc1ncc(C#N)c(=O)[nH]1)C(=O)Nc1ccc(S(N)(=O)=O)cc1
100000.0,0,CC(=O)Nc1ncc(-c2cccc(C(=O)O)c2)nc1N[C@H](C)c1ccccc1
500000.0,0,C=CCSc1nc2ccc(NC(=O)CCC(=O)O)cc2s1
500000.0,0,C=CCSc1nc2ccc(NC(=O)CCC(=O)O)cc2s1
270000.0,0,CCCc1c(O)c(O)c(C(=O)O)c2cc(Cc3ccccc3)c(C)cc12
500000.0,0,C=CCSc1nc2ccc(NC(=O)CCC(=O)O)cc2s1
100000.0,0,CC(=O)Nc1ncc(-c2cccc(C(=O)O)c2)nc1N[C@H](C)c1ccccc1
3100.0,0,CCOC(=O)c1cnc(SC2=C(O)CC(CC2=O)c2ccccc2)nc1N
100000.0,0,CC(=O)Nc1ncc(-c2cccc(C(=O)O)c2)nc1N[C@H](C)c1ccccc1
30000.0,0,CCOc1cccc(n1)C1(CC(=O)C(Sc2ccc(F)cc2Cl)C(=O)N1)c1ccsc1
22000.0,0,CN(C)C(=O)C1(c2ccccc2)CC(O)=C(Sc2ccccc2Cl)C(=O)O1
22000.0,0,CN(C)C(=O)C1(c2ccccc2)CC(O)=C(Sc2ccccc2Cl)C(=O)O1
7400.0,0,CNC(=O)C1(c2ccccc2)CC(O)=C(Sc2ccccc2Cl)C(=O)O1
7400.0,0,CNC(=O)C1(c2ccccc2)CC(O)=C(Sc2ccccc2Cl)C(=O)O1
59000.0,0,CNC(=O)CC1(CC(O)=C(Sc2ccccc2Cl)C(=O)O1)c1ccccc1
59000.0,0,CNC(=O)CC1(CC(O)=C(Sc2ccccc2Cl)C(=O)O1)c1ccccc1
500000.0,0,C=CCSc1nc2ccc(NC(=O)CCC(=O)O)cc2s1
73000.0,0,O=C1OC(c2cncnc2)CC(O)=C1Sc1ccccc1Cl
73000.0,0,O=C1OC(c2cncnc2)CC(O)=C1Sc1ccccc1Cl
100000.0,0,CC(=O)Nc1ncc(-c2cccc(C(=O)O)c2)nc1N[C@H](C)c1ccccc1
100000.0,0,CC(=O)Nc1ncc(-c2cccc(C(=O)O)c2)nc1N[C@H](C)c1ccccc1
12600.0,0,COC(=O)c1cc2c(cc(cc2n1O)-c1ccccc1)C(F)(F)F
12600.0,0,COC(=O)c1cc2c(cc(cc2n1O)-c1ccccc1)C(F)(F)F
100000.0,0,CC(=O)Nc1ncc(-c2cccc(C(=O)O)c2)nc1N[C@H](C)c1ccccc1
100000.0,0,CC(=O)Nc1ncc(-c2cccc(C(=O)O)c2)nc1N[C@H](C)c1ccccc1
500000.0,0,C=CCSc1nc2ccc(NC(=O)CCC(=O)O)cc2s1
3760.0,0,COCc1cc(=O)c(O)c([C@@H](CC(N)=O)c2cc3ccccc3n(CC(C)C)c2=O)o1
10000.0,0,Cc1occc(=O)c1OCC(=O)N1CCN(c2ccccc2F)CC1
28614.5,0,COc1ccc(-c2cc(O)n(-c3nc(C(=O)O)cs3)n2)cc1
2000.0,0,CC(C)c1ccc(cc1-c1cnc(N)c(N[C@H](C)c2ccccc2)n1)C(O)=O
500000.0,0,C=CCSc1nc2ccc(NC(=O)CCC(=O)O)cc2s1
500000.0,0,C=CCSc1nc2ccc(NC(=O)CCC(=O)O)cc2s1
100000.0,0,CC(=O)Nc1ncc(-c2cccc(C(=O)O)c2)nc1N[C@H](C)c1ccccc1
770000.0,0,COc1ccc(Cl)cc1NC(=O)CSc1ccc(cn1)C(O)=O
770000.0,0,COc1ccc(Cl)cc1NC(=O)CSc1ccc(cn1)C(O)=O
560.0,1,COc1ccc(cc1)N1CCN(CC1)C(=O)COc1c(C)occc1=O
100000.0,0,CC(=O)Nc1ncc(-c2cccc(C(=O)O)c2)nc1N[C@H](C)c1ccccc1
100000.0,0,CC(=O)Nc1ncc(-c2cccc(C(=O)O)c2)nc1N[C@H](C)c1ccccc1
100000.0,0,CC(=O)Nc1ncc(-c2cccc(C(=O)O)c2)nc1N[C@H](C)c1ccccc1
229.0,1,COc1ccc(cc1)-c1cc(O)n(n1)-c1nc(cs1)C(O)=O
560.0,1,COc1ccc(cc1)N1CCN(CC1)C(=O)COc1c(C)occc1=O
2000.0,0,CC(C)c1ccc(cc1-c1cnc(N)c(N[C@H](C)c2ccccc2)n1)C(O)=O
10000.0,0,Cc1occc(=O)c1OCC(=O)N1CCN(c2ccccc2F)CC1
4600.0,0,COc1cccc(c1)N1CCN(CC1)C(=O)COc1c(C)occc1=O
100000.0,0,CC(=O)Nc1ncc(-c2cccc(C(=O)O)c2)nc1N[C@H](C)c1ccccc1
4600.0,0,COc1cccc(c1)N1CCN(CC1)C(=O)COc1c(C)occc1=O
100000.0,0,CC(=O)Nc1ncc(-c2cccc(C(=O)O)c2)nc1N[C@H](C)c1ccccc1
100000.0,0,CC(=O)Nc1ncc(-c2cccc(C(=O)O)c2)nc1N[C@H](C)c1ccccc1
7400.0,0,CNC(=O)C1(c2ccccc2)CC(O)=C(Sc2ccccc2Cl)C(=O)O1
100000.0,0,CC(=O)Nc1ncc(-c2cccc(C(=O)O)c2)nc1N[C@H](C)c1ccccc1
18000.0,0,C[C@@H](Nc1cc(-c2cccc(C(=O)O)c2)cnc1N)c1ccccc1
18000.0,0,C[C@@H](Nc1cc(-c2cccc(C(=O)O)c2)cnc1N)c1ccccc1
25000.0,0,C[C@@H](Nc1cncc(-c2cccc(C(=O)O)c2)n1)c1ccccc1
25000.0,0,C[C@@H](Nc1cncc(-c2cccc(C(=O)O)c2)n1)c1ccccc1
2000.0,0,CC(C)c1ccc(cc1-c1cnc(N)c(N[C@H](C)c2ccccc2)n1)C(O)=O
10000.0,0,Cc1occc(=O)c1OCC(=O)N1CCN(c2ccccc2F)CC1
14000.0,0,C[C@@H](Nc1nc(-c2ccc(C(=O)O)cc2)cnc1N)c1ccccc1
100000.0,0,CC(=O)Nc1ncc(-c2cccc(C(=O)O)c2)nc1N[C@H](C)c1ccccc1
100000.0,0,CC(=O)Nc1ncc(-c2cccc(C(=O)O)c2)nc1N[C@H](C)c1ccccc1
3000.0,0,C[C@@H](Nc1nc(cnc1N)-c1cccc(c1)C(O)=O)C1CCCCC1
2000.0,0,CC(C)c1ccc(cc1-c1cnc(N)c(N[C@H](C)c2ccccc2)n1)C(O)=O
4000.0,0,C[C@@H](Nc1nc(-c2cccc(C(=O)O)c2)cnc1N)c1ccccc1
71000.0,0,C[C@@H](Nc1nc(cnc1NS(C)(=O)=O)-c1cccc(c1)C(O)=O)c1ccccc1
100000.0,0,CC(=O)Nc1ncc(-c2cccc(C(=O)O)c2)nc1N[C@H](C)c1ccccc1
100000.0,0,CC(=O)Nc1ncc(-c2cccc(C(=O)O)c2)nc1N[C@H](C)c1ccccc1
100000.0,0,CC(=O)Nc1ncc(-c2cccc(C(=O)O)c2)nc1N[C@H](C)c1ccccc1
24000.0,0,C[C@@H](Nc1nc(-c2ccnc(C(=O)O)c2)cnc1N)c1ccccc1
50000.0,0,C[C@@H](Nc1nc(-c2csc(C(=O)O)c2)cnc1N)c1ccccc1
15000.0,0,C[C@@H](Nc1nc(-n2cc(C(=O)O)cn2)cnc1N)c1ccccc1
91000.0,0,C[C@@H](Nc1nc(c(C)nc1N)-c1cccc(c1)C(O)=O)c1ccccc1
4000.0,0,C[C@@H](Nc1nc(-c2cccc(C(=O)O)c2)cnc1N)c1ccccc1
500.0,1,Cc1ccc(C(=O)O)cc1-c1cnc(N)c(N[C@H](C)c2ccc(Cl)cc2)n1
2000.0,0,CC(C)c1ccc(cc1-c1cnc(N)c(N[C@H](C)c2ccccc2)n1)C(O)=O
2000.0,0,CC(C)c1ccc(cc1-c1cnc(N)c(N[C@H](C)c2ccccc2)n1)C(O)=O
10000.0,0,Cc1occc(=O)c1OCC(=O)N1CCN(c2ccccc2F)CC1
15000.0,0,C[C@@H](Nc1nc(-n2cc(C(=O)O)cn2)cnc1N)c1ccccc1
14000.0,0,C[C@@H](Nc1nc(-c2ccc(C(=O)O)cc2)cnc1N)c1ccccc1
35000.0,0,Cn1ccc(n1)C1CC(O)=C(Sc2ccccc2Cl)C(=O)O1
3000.0,0,C[C@@H](Nc1nc(cnc1N)-c1cccc(c1)C(O)=O)C1CCCCC1
2000.0,0,CC(C)c1ccc(cc1-c1cnc(N)c(N[C@H](C)c2ccccc2)n1)C(O)=O
4000.0,0,C[C@@H](Nc1nc(-c2cccc(C(=O)O)c2)cnc1N)c1ccccc1
24000.0,0,C[C@@H](Nc1nc(-c2ccnc(C(=O)O)c2)cnc1N)c1ccccc1
50000.0,0,C[C@@H](Nc1nc(-c2csc(C(=O)O)c2)cnc1N)c1ccccc1
15000.0,0,C[C@@H](Nc1nc(-n2cc(C(=O)O)cn2)cnc1N)c1ccccc1
71000.0,0,C[C@@H](Nc1nc(cnc1NS(C)(=O)=O)-c1cccc(c1)C(O)=O)c1ccccc1
100000.0,0,CC(=O)Nc1ncc(-c2cccc(C(=O)O)c2)nc1N[C@H](C)c1ccccc1
100000.0,0,CC(=O)Nc1ncc(-c2cccc(C(=O)O)c2)nc1N[C@H](C)c1ccccc1
100000.0,0,CC(=O)Nc1ncc(-c2cccc(C(=O)O)c2)nc1N[C@H](C)c1ccccc1
35000.0,0,Cn1ccc(n1)C1CC(O)=C(Sc2ccccc2Cl)C(=O)O1
36200.0,0,Cc1cc(-c2ccccc2)nn1-c1nc(C(=O)O)cs1
4000.0,0,C[C@@H](Nc1nc(-c2cccc(C(=O)O)c2)cnc1N)c1ccccc1
100000.0,0,CC(=O)Nc1ncc(-c2cccc(C(=O)O)c2)nc1N[C@H](C)c1ccccc1
5600.0,0,OC1=C(Sc2cccs2)C(=O)CC(C1)c1ccccc1
10000.0,0,Cc1occc(=O)c1OCC(=O)N1CCN(c2ccccc2F)CC1
500.0,1,Cc1ccc(C(=O)O)cc1-c1cnc(N)c(N[C@H](C)c2ccc(Cl)cc2)n1
100000.0,0,CC(=O)Nc1ncc(-c2cccc(C(=O)O)c2)nc1N[C@H](C)c1ccccc1
15400.0,0,Cc1cc(nn1-c1nc(cs1)C(O)=O)-c1ccccc1
15000.0,0,C[C@@H](Nc1nc(-n2cc(C(=O)O)cn2)cnc1N)c1ccccc1
500.0,1,Cc1ccc(C(=O)O)cc1-c1cnc(N)c(N[C@H](C)c2ccc(Cl)cc2)n1
2000.0,0,CC(C)c1ccc(cc1-c1cnc(N)c(N[C@H](C)c2ccccc2)n1)C(O)=O
2100.0,0,Cc1ccc2nc(SC3=C(O)CC(CC3=O)c3ccccc3)[nH]c2c1
100000.0,0,CC(=O)Nc1ncc(-c2cccc(C(=O)O)c2)nc1N[C@H](C)c1ccccc1
7700.0,0,Cc1cccc(c1)C(=O)N1CCN(CCOc2c(C)occc2=O)CC1
7700.0,0,Cc1cccc(c1)C(=O)N1CCN(CCOc2c(C)occc2=O)CC1
10000.0,0,Cc1occc(=O)c1OCC(=O)N1CCN(c2ccccc2F)CC1
2300.0,0,Cc1ccnc(SC2=C(O)CC(CC2=O)c2ccccc2)n1
100000.0,0,CC(=O)Nc1ncc(-c2cccc(C(=O)O)c2)nc1N[C@H](C)c1ccccc1
15000.0,0,C[C@@H](Nc1nc(-n2cc(C(=O)O)cn2)cnc1N)c1ccccc1
100000.0,0,CC(=O)Nc1ncc(-c2cccc(C(=O)O)c2)nc1N[C@H](C)c1ccccc1
19000.0,0,Cc1csc(SC2=C(O)CC(CC2=O)c2ccccc2)n1
100000.0,0,CC(=O)Nc1ncc(-c2cccc(C(=O)O)c2)nc1N[C@H](C)c1ccccc1
29000.0,0,NS(=O)(=O)c1ccc(cc1)-c1cn(nc1-c1ccccc1)-c1nc(cs1)C(O)=O
91000.0,0,C[C@@H](Nc1nc(c(C)nc1N)-c1cccc(c1)C(O)=O)c1ccccc1
500000.0,0,C=CCSc1nc2ccc(NC(=O)CCC(=O)O)cc2s1
500000.0,0,C=CCSc1nc2ccc(NC(=O)CCC(=O)O)cc2s1
580.0,1,Cc1nnc(SC2=C(O)CC(CC2=O)c2ccccc2)s1
100000.0,0,CC(=O)Nc1ncc(-c2cccc(C(=O)O)c2)nc1N[C@H](C)c1ccccc1
7300.0,0,Cc1occc(=O)c1OCC(=O)N1CCN(CC1)C(c1ccccc1)c1ccccc1
7300.0,0,Cc1occc(=O)c1OCC(=O)N1CCN(CC1)C(c1ccccc1)c1ccccc1
3700.0,0,OC1=C(Sc2nncs2)C(=O)CC(C1)c1ccccc1
6900.0,0,Cc1occc(=O)c1OCC(=O)N1CCN(c2ccc([N+](=O)[O-])cc2)CC1
5900.0,0,Cc1occc(=O)c1OCC(=O)N1CCN(CC1)c1cccc(Cl)c1
3700.0,0,OC1=C(Sc2nncs2)C(=O)CC(C1)c1ccccc1
6900.0,0,Cc1occc(=O)c1OCC(=O)N1CCN(c2ccc([N+](=O)[O-])cc2)CC1
5900.0,0,Cc1occc(=O)c1OCC(=O)N1CCN(CC1)c1cccc(Cl)c1
10000.0,0,Cc1occc(=O)c1OCC(=O)N1CCN(c2ccccc2F)CC1
10000.0,0,Cc1occc(=O)c1OCC(=O)N1CCN(c2ccccc2F)CC1
10000.0,0,Cc1occc(=O)c1OCC(=O)N1CCN(c2ccccc2F)CC1
10000.0,0,Cc1occc(=O)c1OCC(=O)N1CCN(c2ccccc2F)CC1
10000.0,0,Cc1occc(=O)c1OCC(=O)N1CCN(c2ccccc2F)CC1
10000.0,0,Cc1occc(=O)c1OCC(=O)N1CCN(c2ccccc2F)CC1
10000.0,0,Cc1occc(=O)c1OCC(=O)N1CCN(c2ccccc2F)CC1
4700.0,0,Cc1occc(=O)c1OCCN1CCN(C(=O)c2ccc(C(F)(F)F)cc2)CC1
2700.0,0,Cc1occc(=O)c1OCCN1CCN(CC1)C(=O)c1ccc(Cl)cc1
150.0,1,OC(=O)c1csc(n1)-n1nc(cc1O)-c1ccc(F)c(F)c1
2800.0,0,Cc1occc(=O)c1OCCN1CCN(CC1)C(=O)c1ccccc1
3400.0,0,Cc1occc(=O)c1OCCN1CCN(CC1)C(=O)c1ccccc1F
10000.0,0,Cc1occc(=O)c1OCC(=O)N1CCN(c2ccccc2F)CC1
700.0,1,Cc1occc(=O)c1OCCN1CCN(C(=O)c2ccco2)CC1
2700.0,0,Cc1occc(=O)c1OCCN1CCN(CC1)C(=O)c1ccc(Cl)cc1
150.0,1,OC(=O)c1csc(n1)-n1nc(cc1O)-c1ccc(F)c(F)c1
4700.0,0,Cc1occc(=O)c1OCCN1CCN(C(=O)c2ccc(C(F)(F)F)cc2)CC1
2800.0,0,Cc1occc(=O)c1OCCN1CCN(CC1)C(=O)c1ccccc1
3400.0,0,Cc1occc(=O)c1OCCN1CCN(CC1)C(=O)c1ccccc1F
700.0,1,Cc1occc(=O)c1OCCN1CCN(C(=O)c2ccco2)CC1
500000.0,0,C=CCSc1nc2ccc(NC(=O)CCC(=O)O)cc2s1
5.0,1,O=C1CC(c2ccc(N3CCOCC3)cc2)(c2ccsc2)NC(=O)C1Sc1ccccc1Cl
10000.0,0,Cc1occc(=O)c1OCC(=O)N1CCN(c2ccccc2F)CC1
35000.0,0,Cn1ccc(n1)C1CC(O)=C(Sc2ccccc2Cl)C(=O)O1
35000.0,0,Cn1ccc(n1)C1CC(O)=C(Sc2ccccc2Cl)C(=O)O1
118500.0,0,N#CCC(=O)N/N=C/c1ccc(-c2ccc(C(=O)O)cc2)o1
81500.0,0,N#CCC(=O)N/N=C/c1ccc(-c2cccc(C(=O)O)c2)o1
200000.0,0,N#CCC(=O)N/N=C/c1cccc(-c2ccc(C(=O)O)cc2)n1
9500.0,0,OC1=C(Sc2ccccc2Cl)C(=O)OC(C1)c1cccc(c1)C#N
100000.0,0,CC(=O)Nc1ncc(-c2cccc(C(=O)O)c2)nc1N[C@H](C)c1ccccc1
1600.0,0,N#Cc1ccccc1SC1=C(O)CC(c2ccccc2)CC1=O
2500.0,0,N.O=C(O)c1cc(-c2ccc(CNCc3ccccc3)o2)ccc1O
2500.0,0,N.O=C(O)c1cc(-c2ccc(CNCc3ccccc3)o2)ccc1O
6600.0,0,NC(=O)C1(CC(O)=C(Sc2ccccc2Cl)C(=O)O1)c1ccccc1
6600.0,0,NC(=O)C1(CC(O)=C(Sc2ccccc2Cl)C(=O)O1)c1ccccc1
100000.0,0,CC(=O)Nc1ncc(-c2cccc(C(=O)O)c2)nc1N[C@H](C)c1ccccc1
100000.0,0,CC(=O)Nc1ncc(-c2cccc(C(=O)O)c2)nc1N[C@H](C)c1ccccc1
17300.0,0,NS(=O)(=O)N1CCN(Cc2cn(-c3nc(C(=O)O)cs3)nc2-c2ccccc2)CC1
23150.0,0,NS(=O)(=O)N1CCN(Cc2cn(nc2-c2ccccc2)-c2nc(cs2)C(O)=O)CC1
550.0,1,NS(=O)(=O)c1ccc(Cc2cn(-c3nc(cs3)C(O)=O)c3ncccc23)cc1
550.0,1,NS(=O)(=O)c1ccc(Cc2cn(-c3nc(cs3)C(O)=O)c3ncccc23)cc1
550.0,1,NS(=O)(=O)c1ccc(Cc2cn(-c3nc(cs3)C(O)=O)c3ncccc23)cc1
550.0,1,NS(=O)(=O)c1ccc(Cc2cn(-c3nc(cs3)C(O)=O)c3ncccc23)cc1
550.0,1,NS(=O)(=O)c1ccc(Cc2cn(-c3nc(cs3)C(O)=O)c3ncccc23)cc1
29000.0,0,NS(=O)(=O)c1ccc(cc1)-c1cn(nc1-c1ccccc1)-c1nc(cs1)C(O)=O
500000.0,0,C=CCSc1nc2ccc(NC(=O)CCC(=O)O)cc2s1
29000.0,0,NS(=O)(=O)c1ccc(cc1)-c1cn(nc1-c1ccccc1)-c1nc(cs1)C(O)=O
100000.0,0,CC(=O)Nc1ncc(-c2cccc(C(=O)O)c2)nc1N[C@H](C)c1ccccc1
41850.0,0,Nc1cc(-c2ccccc2)nn1-c1nc(C(=O)O)cs1
1300000.0,0,Nc1cc(F)cc(c1)-c1ccc(cn1)C(O)=O
1300000.0,0,Nc1cc(F)cc(c1)-c1ccc(cn1)C(O)=O
6800.0,0,Nc1cc(N)nc(SC2=C(O)CC(CC2=O)c2ccccc2)n1
100000.0,0,CC(=O)Nc1ncc(-c2cccc(C(=O)O)c2)nc1N[C@H](C)c1ccccc1
26700.0,0,Nc1cc(nn1-c1nc(cs1)C(O)=O)-c1ccccc1
100000.0,0,CC(=O)Nc1ncc(-c2cccc(C(=O)O)c2)nc1N[C@H](C)c1ccccc1
180.0,1,Nc1ccc2nc(SC3=C(O)CC(CC3=O)c3ccccc3)[nH]c2c1
100000.0,0,CC(=O)Nc1ncc(-c2cccc(C(=O)O)c2)nc1N[C@H](C)c1ccccc1
100000.0,0,CC(=O)Nc1ncc(-c2cccc(C(=O)O)c2)nc1N[C@H](C)c1ccccc1
19000.0,0,Cc1csc(SC2=C(O)CC(CC2=O)c2ccccc2)n1
12000.0,0,Nc1ncc(-c2cccc(C(=O)O)c2)nc1NCc1ccccc1
19000.0,0,Cc1csc(SC2=C(O)CC(CC2=O)c2ccccc2)n1
12000.0,0,Nc1ncc(-c2cccc(C(=O)O)c2)nc1NCc1ccccc1
1000.0,1,Nc1nnc(SC2=C(O)CC(CC2=O)c2ccccc2)s1
100000.0,0,CC(=O)Nc1ncc(-c2cccc(C(=O)O)c2)nc1N[C@H](C)c1ccccc1
500000.0,0,C=CCSc1nc2ccc(NC(=O)CCC(=O)O)cc2s1
2200000.0,0,O=C(O)COc1cc(F)cc(-c2ccc(C(=O)O)cn2)c1
500000.0,0,C=CCSc1nc2ccc(NC(=O)CCC(=O)O)cc2s1
2000000.0,0,O=C(O)c1ccc(-c2ccccc2)nc1
500000.0,0,C=CCSc1nc2ccc(NC(=O)CCC(=O)O)cc2s1
121500.0,0,O=C(O)c1cccc(-c2ccc(/C=N/NC(=O)c3cccnc3)o2)c1
54000.0,0,O=C(O)c1conc1O
28555.0,0,O=C(O)c1csc(-n2nc(-c3cc(F)cc(F)c3)cc2O)n1
28553.0,0,O=C(O)c1csc(-n2nc(-c3ccc(Cl)c(Cl)c3)cc2O)n1
27150.0,0,O=C(O)c1csc(-n2nc(-c3ccc(Cl)cc3)cc2C(F)(F)F)n1
57000.0,0,CC(C)c1cc(-c2ccccc2)nn1-c1nc(C(=O)O)cs1
28575.0,0,O=C(O)c1csc(-n2nc(-c3ccc(F)c(F)c3)cc2O)n1
27850.0,0,O=C(O)c1csc(-n2nc(-c3ccc(F)cc3)cc2C(F)(F)F)n1
28547.5,0,O=C(O)c1csc(-n2nc(-c3cccc(-c4ccccc4F)c3)cc2O)n1
28542.0,0,O=C(O)c1csc(-n2nc(-c3ccc(F)cc3F)cc2O)n1
28633.0,0,O=C(O)c1csc(-n2nc(-c3cccc(-c4ccccc4)c3)cc2O)n1
28547.5,0,O=C(O)c1csc(-n2nc(-c3cccc(-c4ccccc4F)c3)cc2O)n1
28594.5,0,O=C(O)c1csc(-n2nc(-c3cccc(C(F)(F)F)c3)cc2O)n1
57000.0,0,CC(C)c1cc(-c2ccccc2)nn1-c1nc(C(=O)O)cs1
28584.0,0,O=C(O)c1csc(-n2nc(-c3cccc(Cl)c3)cc2O)n1
28581.0,0,O=C(O)c1csc(-n2nc(-c3cccc(F)c3)cc2O)n1
28649.5,0,O=C(O)c1csc(-n2nc(-c3cccc(OC(F)(F)F)c3)cc2O)n1
28606.5,0,O=C(O)c1csc(-n2nc(-c3cccc4ccccc34)cc2O)n1
25500.0,0,O=C(O)c1csc(-n2nc(-c3ccccc3)cc2C(F)(F)F)n1
57000.0,0,CC(C)c1cc(-c2ccccc2)nn1-c1nc(C(=O)O)cs1
28572.0,0,O=C(O)c1csc(-n2nc(-c3ccccc3)cc2O)n1
57000.0,0,CC(C)c1cc(-c2ccccc2)nn1-c1nc(C(=O)O)cs1
28567.0,0,O=C(O)c1csc(-n2nc(-c3ccccc3F)cc2O)n1
29010.0,0,O=C(O)c1csc(-n2nc(-c3ccccn3)cc2O)n1
28834.5,0,O=C(O)c1csc(-n2nc(-c3ccncc3)cc2O)n1
29050.0,0,O=C(O)c1csc(-n2nc(C3CCCCC3)cc2O)n1
230000.0,0,OC(=O)c1ns[nH]c1=O
5.0,1,O=C1CC(c2ccc(N3CCOCC3)cc2)(c2ccsc2)NC(=O)C1Sc1ccccc1Cl
25000.0,0,C[C@@H](Nc1cncc(-c2cccc(C(=O)O)c2)n1)c1ccccc1
26000.0,0,O=C1CC(c2ccccc2)CC(O)=C1Oc1ccccc1Cl
100000.0,0,CC(=O)Nc1ncc(-c2cccc(C(=O)O)c2)nc1N[C@H](C)c1ccccc1
100000.0,0,CC(=O)Nc1ncc(-c2cccc(C(=O)O)c2)nc1N[C@H](C)c1ccccc1
100000.0,0,CC(=O)Nc1ncc(-c2cccc(C(=O)O)c2)nc1N[C@H](C)c1ccccc1
100000.0,0,CC(=O)Nc1ncc(-c2cccc(C(=O)O)c2)nc1N[C@H](C)c1ccccc1
100000.0,0,CC(=O)Nc1ncc(-c2cccc(C(=O)O)c2)nc1N[C@H](C)c1ccccc1
100000.0,0,CC(=O)Nc1ncc(-c2cccc(C(=O)O)c2)nc1N[C@H](C)c1ccccc1
100000.0,0,CC(=O)Nc1ncc(-c2cccc(C(=O)O)c2)nc1N[C@H](C)c1ccccc1
100000.0,0,CC(=O)Nc1ncc(-c2cccc(C(=O)O)c2)nc1N[C@H](C)c1ccccc1
100000.0,0,CC(=O)Nc1ncc(-c2cccc(C(=O)O)c2)nc1N[C@H](C)c1ccccc1
100000.0,0,CC(=O)Nc1ncc(-c2cccc(C(=O)O)c2)nc1N[C@H](C)c1ccccc1
100000.0,0,CC(=O)Nc1ncc(-c2cccc(C(=O)O)c2)nc1N[C@H](C)c1ccccc1
36000.0,0,O=C1CC(c2ccccc2)CC(O)=C1Sc1ccccc1CO
53000.0,0,O=C1CC(c2ccccc2)CC(O)=C1Sc1ccccc1F
100000.0,0,CC(=O)Nc1ncc(-c2cccc(C(=O)O)c2)nc1N[C@H](C)c1ccccc1
1290.0,0,O=C1CC(c2ccccc2)CC(O)=C1Sc1ccccc1[N+](=O)[O-]
100000.0,0,CC(=O)Nc1ncc(-c2cccc(C(=O)O)c2)nc1N[C@H](C)c1ccccc1
100000.0,0,CC(=O)Nc1ncc(-c2cccc(C(=O)O)c2)nc1N[C@H](C)c1ccccc1
100000.0,0,CC(=O)Nc1ncc(-c2cccc(C(=O)O)c2)nc1N[C@H](C)c1ccccc1
100000.0,0,CC(=O)Nc1ncc(-c2cccc(C(=O)O)c2)nc1N[C@H](C)c1ccccc1
100000.0,0,CC(=O)Nc1ncc(-c2cccc(C(=O)O)c2)nc1N[C@H](C)c1ccccc1
100000.0,0,CC(=O)Nc1ncc(-c2cccc(C(=O)O)c2)nc1N[C@H](C)c1ccccc1
100000.0,0,CC(=O)Nc1ncc(-c2cccc(C(=O)O)c2)nc1N[C@H](C)c1ccccc1
100000.0,0,CC(=O)Nc1ncc(-c2cccc(C(=O)O)c2)nc1N[C@H](C)c1ccccc1
66000.0,0,O=C1NC(c2ccccc2)CC(O)=C1Nc1ccccc1Cl
11000.0,0,O=C1NC(c2ccccc2)CC(O)=C1Oc1ccccc1Cl
4000.0,0,C[C@@H](Nc1nc(-c2cccc(C(=O)O)c2)cnc1N)c1ccccc1
46000.0,0,OC(=O)C1(CC(O)=C(Sc2ccccc2Cl)C(=O)O1)c1ccccc1
100000.0,0,CC(=O)Nc1ncc(-c2cccc(C(=O)O)c2)nc1N[C@H](C)c1ccccc1
5600.0,0,OC1=C(Sc2cccs2)C(=O)CC(C1)c1ccccc1
13000.0,0,O=C1OC(c2ccccc2)CC(O)=C1Nc1ccccc1Cl
11000.0,0,O=C1NC(c2ccccc2)CC(O)=C1Oc1ccccc1Cl
4000.0,0,C[C@@H](Nc1nc(-c2cccc(C(=O)O)c2)cnc1N)c1ccccc1
1200.0,0,O=C1OC(c2ccccn2)(c2ccccn2)CC(O)=C1Sc1ccccc1Cl
3500.0,0,O=C1OC(c2ccccn2)CC(O)=C1Sc1ccccc1Cl
15000.0,0,C[C@@H](Nc1nc(-n2cc(C(=O)O)cn2)cnc1N)c1ccccc1
43000.0,0,O=C1OC(c2ccncc2)CC(O)=C1Sc1ccccc1Cl
73000.0,0,O=C1OC(c2cncnc2)CC(O)=C1Sc1ccccc1Cl
15650.0,0,O=C1OC2(CCOc3ccccc32)CC(O)=C1Sc1ccccc1Cl
1480.0,0,O=C1OC2(CCc3ccccc32)CC(O)=C1Sc1ccccc1Cl
13200.0,0,O=Cc1ccc(-c2ccc(O)c(C(=O)O)c2)o1
500000.0,0,C=CCSc1nc2ccc(NC(=O)CCC(=O)O)cc2s1
12.0,1,O=c1cc2c(nn1CC1CCN(C3=NS(=O)(=O)c4ccccc43)CC1)CCC2
12.0,1,O=c1cc2c(nn1CC1CCN(C3=NS(=O)(=O)c4ccccc43)CC1)CCC2
46000.0,0,OC(=O)C1(CC(O)=C(Sc2ccccc2Cl)C(=O)O1)c1ccccc1
2200000.0,0,O=C(O)COc1cc(F)cc(-c2ccc(C(=O)O)cn2)c1
13200.0,0,O=Cc1ccc(-c2ccc(O)c(C(=O)O)c2)o1
37000.0,0,OC(=O)c1ccc(cc1)-c1ccc(\C=N\NC(=O)CC#N)o1
81500.0,0,N#CCC(=O)N/N=C/c1ccc(-c2cccc(C(=O)O)c2)o1
43000.0,0,O=C1OC(c2ccncc2)CC(O)=C1Sc1ccccc1Cl
54000.0,0,O=C(O)c1conc1O
29000.0,0,NS(=O)(=O)c1ccc(cc1)-c1cn(nc1-c1ccccc1)-c1nc(cs1)C(O)=O
27766.7,0,OC(=O)c1csc(n1)-n1nc(cc1C(F)(F)F)-c1ccc(Cl)cc1
25266.7,0,OC(=O)c1csc(n1)-n1nc(cc1C(F)(F)F)-c1ccc(F)cc1
26666.7,0,OC(=O)c1csc(n1)-n1nc(cc1C(F)(F)F)-c1ccccc1
29000.0,0,NS(=O)(=O)c1ccc(cc1)-c1cn(nc1-c1ccccc1)-c1nc(cs1)C(O)=O
29000.0,0,NS(=O)(=O)c1ccc(cc1)-c1cn(nc1-c1ccccc1)-c1nc(cs1)C(O)=O
110.0,1,OC(=O)c1csc(n1)-n1nc(cc1O)-c1cc(F)cc(F)c1
106.0,1,OC(=O)c1csc(n1)-n1nc(cc1O)-c1ccc(Cl)c(Cl)c1
150.0,1,OC(=O)c1csc(n1)-n1nc(cc1O)-c1ccc(F)c(F)c1
95.0,1,OC(=O)c1csc(n1)-n1nc(cc1O)-c1cccc(c1)-c1ccccc1F
84.0,1,OC(=O)c1csc(n1)-n1nc(cc1O)-c1ccc(F)cc1F
168.0,1,OC(=O)c1csc(n1)-n1nc(cc1O)-c1cccc(Cl)c1
162.0,1,OC(=O)c1csc(n1)-n1nc(cc1O)-c1cccc(F)c1
299.0,1,OC(=O)c1csc(n1)-n1nc(cc1O)-c1cccc(OC(F)(F)F)c1
266.0,1,OC(=O)c1csc(n1)-n1nc(cc1O)-c1cccc(c1)-c1ccccc1
95.0,1,OC(=O)c1csc(n1)-n1nc(cc1O)-c1cccc(c1)-c1ccccc1F
189.0,1,OC(=O)c1csc(n1)-n1nc(cc1O)-c1cccc(c1)C(F)(F)F
213.0,1,OC(=O)c1csc(n1)-n1nc(cc1O)-c1cccc2ccccc12
144.0,1,OC(=O)c1csc(n1)-n1nc(cc1O)-c1ccccc1
134.0,1,OC(=O)c1csc(n1)-n1nc(cc1O)-c1ccccc1F
1020.0,0,OC(=O)c1csc(n1)-n1nc(cc1O)-c1ccccn1
669.0,1,OC(=O)c1csc(n1)-n1nc(cc1O)-c1ccncc1
1100.0,0,OC(=O)c1csc(n1)-n1nc(cc1O)C1CCCCC1
230000.0,0,OC(=O)c1ns[nH]c1=O
25000.0,0,C[C@@H](Nc1cncc(-c2cccc(C(=O)O)c2)n1)c1ccccc1
66000.0,0,O=C1NC(c2ccccc2)CC(O)=C1Nc1ccccc1Cl
13000.0,0,O=C1OC(c2ccccc2)CC(O)=C1Nc1ccccc1Cl
26000.0,0,O=C1CC(c2ccccc2)CC(O)=C1Oc1ccccc1Cl
11000.0,0,O=C1NC(c2ccccc2)CC(O)=C1Oc1ccccc1Cl
11000.0,0,O=C1NC(c2ccccc2)CC(O)=C1Oc1ccccc1Cl
1600.0,0,N#Cc1ccccc1SC1=C(O)CC(c2ccccc2)CC1=O
4000.0,0,C[C@@H](Nc1nc(-c2cccc(C(=O)O)c2)cnc1N)c1ccccc1
1200.0,0,O=C1OC(c2ccccn2)(c2ccccn2)CC(O)=C1Sc1ccccc1Cl
9500.0,0,OC1=C(Sc2ccccc2Cl)C(=O)OC(C1)c1cccc(c1)C#N
4000.0,0,C[C@@H](Nc1nc(-c2cccc(C(=O)O)c2)cnc1N)c1ccccc1
3500.0,0,O=C1OC(c2ccccn2)CC(O)=C1Sc1ccccc1Cl
15000.0,0,C[C@@H](Nc1nc(-n2cc(C(=O)O)cn2)cnc1N)c1ccccc1
43000.0,0,O=C1OC(c2ccncc2)CC(O)=C1Sc1ccccc1Cl
73000.0,0,O=C1OC(c2cncnc2)CC(O)=C1Sc1ccccc1Cl
3300.0,0,OC1=C(Sc2ccccc2Cl)C(=O)OC2(CCOc3ccccc23)C1
360.0,1,OC1=C(Sc2ccccc2Cl)C(=O)OC2(CCc3ccccc23)C1
53000.0,0,O=C1CC(c2ccccc2)CC(O)=C1Sc1ccccc1F
1426.7,0,OC1=C(Sc2ccccc2[N+]([O-])=O)C(=O)CC(C1)c1ccccc1
5600.0,0,OC1=C(Sc2cccs2)C(=O)CC(C1)c1ccccc1
17000.0,0,OC1=C(Sc2nc(O)cc(n2)C(F)(F)F)C(=O)CC(C1)c1ccccc1
450.0,1,OC1=C(Sc2nc3ccccc3o2)C(=O)CC(C1)c1ccccc1
870.0,1,OC1=C(Sc2ncc[nH]2)C(=O)CC(C1)c1ccccc1
270.0,1,OC1=C(Sc2ncccn2)C(=O)CC(C1)c1ccccc1
18000.0,0,C[C@@H](Nc1cc(-c2cccc(C(=O)O)c2)cnc1N)c1ccccc1
3700.0,0,OC1=C(Sc2nncs2)C(=O)CC(C1)c1ccccc1
5600.0,0,OC1=C(Sc2cccs2)C(=O)CC(C1)c1ccccc1
36000.0,0,O=C1CC(c2ccccc2)CC(O)=C1Sc1ccccc1CO
500000.0,0,C=CCSc1nc2ccc(NC(=O)CCC(=O)O)cc2s1
7.863749397682307,1,O=C1CC(c2ccc(N3CCOCC3)cc2)(c2ccsc2)NC(=O)C1Sc1ccccc1Cl
117.73845531578522,1,OC(=O)c1csc(n1)-n1nc(cc1O)-c1cc(F)cc(F)c1
995.0236513216431,1,Nc1nnc(SC2=C(O)CC(CC2=O)c2ccccc2)s1
554.8790694170071,1,NS(=O)(=O)c1ccc(Cc2cn(-c3nc(cs3)C(O)=O)c3ncccc23)cc1
10.414529573614434,1,O=c1cc2c(nn1CC1CCN(C3=NS(=O)(=O)c4ccccc43)CC1)CCC2
550.0,1,NS(=O)(=O)c1ccc(Cc2cn(-c3nc(cs3)C(O)=O)c3ncccc23)cc1
343.6095556735308,1,OC1=C(Sc2ccccc2Cl)C(=O)OC2(CCc3ccccc23)C1
500.0,1,Cc1ccc(C(=O)O)cc1-c1cnc(N)c(N[C@H](C)c2ccc(Cl)cc2)n1
9.292852575896237,1,O=c1cc2c(nn1CC1CCN(C3=NS(=O)(=O)c4ccccc43)CC1)CCC2
150.0,1,OC(=O)c1csc(n1)-n1nc(cc1O)-c1ccc(F)c(F)c1
551.3752094414599,1,NS(=O)(=O)c1ccc(Cc2cn(-c3nc(cs3)C(O)=O)c3ncccc23)cc1
256.0162796069394,1,OC(=O)c1csc(n1)-n1nc(cc1O)-c1cccc(c1)-c1ccccc1
177.95747661766939,1,Nc1ccc2nc(SC3=C(O)CC(CC3=O)c3ccccc3)[nH]c2c1
95.82837019893581,1,OC(=O)c1csc(n1)-n1nc(cc1O)-c1cccc(c1)-c1ccccc1F
83.9605418042883,1,OC(=O)c1csc(n1)-n1nc(cc1O)-c1ccc(F)cc1F
30.571797195491204,1,O=c1cc2c(nn1CC1CCN(C3=NS(=O)(=O)c4ccccc43)CC1)CCC2
287.7794735191279,1,OC(=O)c1csc(n1)-n1nc(cc1O)-c1cccc(OC(F)(F)F)c1
92.98944420221338,1,OC(=O)c1csc(n1)-n1nc(cc1O)-c1cccc(c1)-c1ccccc1F
251.25273020244623,1,OC(=O)c1csc(n1)-n1nc(cc1O)-c1cccc(c1)-c1ccccc1
636.4419305972792,1,OC(=O)c1csc(n1)-n1nc(cc1O)-c1ccncc1
557.5814770909955,1,COc1ccc(cc1)N1CCN(CC1)C(=O)COc1c(C)occc1=O
178.3241501794938,1,Nc1ccc2nc(SC3=C(O)CC(CC3=O)c3ccccc3)[nH]c2c1
85.13062666251341,1,OC(=O)c1csc(n1)-n1nc(cc1O)-c1ccc(F)cc1F
144.59749165702002,1,OC(=O)c1csc(n1)-n1nc(cc1O)-c1ccccc1
119.69095683365745,1,OC(=O)c1csc(n1)-n1nc(cc1O)-c1cc(F)cc(F)c1
466.951489552435,1,OC1=C(Sc2nc3ccccc3o2)C(=O)CC(C1)c1ccccc1
391.4288617151395,1,OC1=C(Sc2ccccc2Cl)C(=O)OC2(CCc3ccccc23)C1
500.0,1,Cc1ccc(C(=O)O)cc1-c1cnc(N)c(N[C@H](C)c2ccc(Cl)cc2)n1
180.92600766042682,1,Nc1ccc2nc(SC3=C(O)CC(CC3=O)c3ccccc3)[nH]c2c1
219.43607381688832,1,OC(=O)c1csc(n1)-n1nc(cc1O)-c1cccc2ccccc12
10.459128821003368,1,O=c1cc2c(nn1CC1CCN(C3=NS(=O)(=O)c4ccccc43)CC1)CCC2
500.0,1,Cc1ccc(C(=O)O)cc1-c1cnc(N)c(N[C@H](C)c2ccc(Cl)cc2)n1
177.47580105014853,1,Nc1ccc2nc(SC3=C(O)CC(CC3=O)c3ccccc3)[nH]c2c1
151.93954456913536,1,OC(=O)c1csc(n1)-n1nc(cc1O)-c1ccc(F)c(F)c1
75.98578089363926,1,OC(=O)c1csc(n1)-n1nc(cc1O)-c1ccc(F)cc1F
182.07211795736092,1,Nc1ccc2nc(SC3=C(O)CC(CC3=O)c3ccccc3)[nH]c2c1
360.82773464549666,1,OC1=C(Sc2ccccc2Cl)C(=O)OC2(CCc3ccccc23)C1
558.9852845713397,1,COc1ccc(cc1)N1CCN(CC1)C(=O)COc1c(C)occc1=O
273.0812682468447,1,OC1=C(Sc2ncccn2)C(=O)CC(C1)c1ccccc1
359.33693251614534,1,OC1=C(Sc2ccccc2Cl)C(=O)OC2(CCc3ccccc23)C1
146.89454492551496,1,OC(=O)c1csc(n1)-n1nc(cc1O)-c1ccccc1
288.1158735929772,1,OC(=O)c1csc(n1)-n1nc(cc1O)-c1cccc(OC(F)(F)F)c1
700.0,1,Cc1occc(=O)c1OCCN1CCN(C(=O)c2ccco2)CC1
7.4362711834817965,1,O=C1CC(c2ccc(N3CCOCC3)cc2)(c2ccsc2)NC(=O)C1Sc1ccccc1Cl
668.6022966755216,1,OC(=O)c1csc(n1)-n1nc(cc1O)-c1ccncc1
550.0,1,NS(=O)(=O)c1ccc(Cc2cn(-c3nc(cs3)C(O)=O)c3ncccc23)cc1
86.6097399624648,1,OC(=O)c1csc(n1)-n1nc(cc1O)-c1ccc(F)cc1F
700.0,1,Cc1occc(=O)c1OCCN1CCN(C(=O)c2ccco2)CC1
121.32457025590121,1,OC(=O)c1csc(n1)-n1nc(cc1O)-c1cc(F)cc(F)c1
500.0,1,Cc1ccc(C(=O)O)cc1-c1cnc(N)c(N[C@H](C)c2ccc(Cl)cc2)n1
550.0,1,NS(=O)(=O)c1ccc(Cc2cn(-c3nc(cs3)C(O)=O)c3ncccc23)cc1
197.21729058479175,1,OC(=O)c1csc(n1)-n1nc(cc1O)-c1cccc(c1)C(F)(F)F
528.4154301667736,1,NS(=O)(=O)c1ccc(Cc2cn(-c3nc(cs3)C(O)=O)c3ncccc23)cc1
85.03042244610901,1,OC(=O)c1csc(n1)-n1nc(cc1O)-c1ccc(F)cc1F
168.968525908217,1,OC(=O)c1csc(n1)-n1nc(cc1O)-c1cccc(Cl)c1
28.86821309135529,1,O=c1cc2c(nn1CC1CCN(C3=NS(=O)(=O)c4ccccc43)CC1)CCC2
557.5601035662091,1,COc1ccc(cc1)N1CCN(CC1)C(=O)COc1c(C)occc1=O
268.89343274485026,1,OC1=C(Sc2ncccn2)C(=O)CC(C1)c1ccccc1
168.2070682599972,1,OC(=O)c1csc(n1)-n1nc(cc1O)-c1cccc(Cl)c1
592.9544133787464,1,Cc1nnc(SC2=C(O)CC(CC2=O)c2ccccc2)s1
119.61440641389325,1,OC(=O)c1csc(n1)-n1nc(cc1O)-c1cc(F)cc(F)c1
550.0,1,NS(=O)(=O)c1ccc(Cc2cn(-c3nc(cs3)C(O)=O)c3ncccc23)cc1
849.2088720684424,1,OC1=C(Sc2ncc[nH]2)C(=O)CC(C1)c1ccccc1
107.69238446149457,1,OC(=O)c1csc(n1)-n1nc(cc1O)-c1ccc(Cl)c(Cl)c1
404.32659244369773,1,OC1=C(Sc2ccccc2Cl)C(=O)OC2(CCc3ccccc23)C1
830.756159452593,1,OC1=C(Sc2ncc[nH]2)C(=O)CC(C1)c1ccccc1
148.33471269156902,1,OC(=O)c1csc(n1)-n1nc(cc1O)-c1ccc(F)c(F)c1
217.76910550236576,1,OC(=O)c1csc(n1)-n1nc(cc1O)-c1cccc2ccccc12
144.43768739576618,1,OC(=O)c1csc(n1)-n1nc(cc1O)-c1ccccc1
560.635831122785,1,COc1ccc(cc1)N1CCN(CC1)C(=O)COc1c(C)occc1=O
550.0,1,NS(=O)(=O)c1ccc(Cc2cn(-c3nc(cs3)C(O)=O)c3ncccc23)cc1
163.6076182224713,1,OC(=O)c1csc(n1)-n1nc(cc1O)-c1cccc(F)c1
134.7371427679586,1,OC(=O)c1csc(n1)-n1nc(cc1O)-c1ccccc1F
77.87023609587229,1,OC(=O)c1csc(n1)-n1nc(cc1O)-c1ccc(F)cc1F
88.07174570280989,1,OC(=O)c1csc(n1)-n1nc(cc1O)-c1ccc(F)cc1F
559.8454338347113,1,COc1ccc(cc1)N1CCN(CC1)C(=O)COc1c(C)occc1=O
108.13628262728086,1,OC(=O)c1csc(n1)-n1nc(cc1O)-c1cc(F)cc(F)c1
640.0542192355759,1,OC(=O)c1csc(n1)-n1nc(cc1O)-c1ccncc1
12.0,1,O=c1cc2c(nn1CC1CCN(C3=NS(=O)(=O)c4ccccc43)CC1)CCC2
550.3638002291075,1,NS(=O)(=O)c1ccc(Cc2cn(-c3nc(cs3)C(O)=O)c3ncccc23)cc1
580.5786762345696,1,Cc1nnc(SC2=C(O)CC(CC2=O)c2ccccc2)s1
464.7224446034793,1,OC1=C(Sc2nc3ccccc3o2)C(=O)CC(C1)c1ccccc1
287.83216587054415,1,OC(=O)c1csc(n1)-n1nc(cc1O)-c1cccc(OC(F)(F)F)c1
580.84086598764,1,Cc1nnc(SC2=C(O)CC(CC2=O)c2ccccc2)s1
182.34463789171818,1,Nc1ccc2nc(SC3=C(O)CC(CC3=O)c3ccccc3)[nH]c2c1
274.9152896538967,1,OC1=C(Sc2ncccn2)C(=O)CC(C1)c1ccccc1
287.0590346179561,1,OC(=O)c1csc(n1)-n1nc(cc1O)-c1cccc(OC(F)(F)F)c1
550.6384522583921,1,NS(=O)(=O)c1ccc(Cc2cn(-c3nc(cs3)C(O)=O)c3ncccc23)cc1
707.6674853965113,1,Cc1occc(=O)c1OCCN1CCN(C(=O)c2ccco2)CC1
146.5796329794638,1,OC(=O)c1csc(n1)-n1nc(cc1O)-c1ccccc1
559.0282350622923,1,COc1ccc(cc1)N1CCN(CC1)C(=O)COc1c(C)occc1=O
691.6479042572407,1,Cc1occc(=O)c1OCCN1CCN(C(=O)c2ccco2)CC1
230.30294563634152,1,COc1ccc(cc1)-c1cc(O)n(n1)-c1nc(cs1)C(O)=O
147.7586557562156,1,OC(=O)c1csc(n1)-n1nc(cc1O)-c1ccc(F)c(F)c1
550.0,1,NS(=O)(=O)c1ccc(Cc2cn(-c3nc(cs3)C(O)=O)c3ncccc23)cc1
106.49050771228818,1,OC(=O)c1csc(n1)-n1nc(cc1O)-c1ccc(Cl)c(Cl)c1
611.1077658694954,1,Cc1nnc(SC2=C(O)CC(CC2=O)c2ccccc2)s1
534.8507870497634,1,NS(=O)(=O)c1ccc(Cc2cn(-c3nc(cs3)C(O)=O)c3ncccc23)cc1
228.76834354868322,1,COc1ccc(cc1)-c1cc(O)n(n1)-c1nc(cs1)C(O)=O
392.354203609778,1,OC1=C(Sc2ccccc2Cl)C(=O)OC2(CCc3ccccc23)C1
153.5231021311739,1,OC(=O)c1csc(n1)-n1nc(cc1O)-c1ccc(F)c(F)c1
700.0,1,Cc1occc(=O)c1OCCN1CCN(C(=O)c2ccco2)CC1
103.91124734147098,1,OC(=O)c1csc(n1)-n1nc(cc1O)-c1ccc(Cl)c(Cl)c1
551.3292768141989,1,NS(=O)(=O)c1ccc(Cc2cn(-c3nc(cs3)C(O)=O)c3ncccc23)cc1
572.146322642094,1,Cc1nnc(SC2=C(O)CC(CC2=O)c2ccccc2)s1
555.1134239886094,1,COc1ccc(cc1)N1CCN(CC1)C(=O)COc1c(C)occc1=O
164.95451115938403,1,OC(=O)c1csc(n1)-n1nc(cc1O)-c1cccc(F)c1
550.0,1,NS(=O)(=O)c1ccc(Cc2cn(-c3nc(cs3)C(O)=O)c3ncccc23)cc1
255.64852116188837,1,OC(=O)c1csc(n1)-n1nc(cc1O)-c1cccc(c1)-c1ccccc1
167.36459620936134,1,OC(=O)c1csc(n1)-n1nc(cc1O)-c1cccc(Cl)c1
106.93689004154152,1,OC(=O)c1csc(n1)-n1nc(cc1O)-c1ccc(Cl)c(Cl)c1
162.6599679490946,1,OC(=O)c1csc(n1)-n1nc(cc1O)-c1cccc(F)c1
550.0,1,NS(=O)(=O)c1ccc(Cc2cn(-c3nc(cs3)C(O)=O)c3ncccc23)cc1
161.23950685248101,1,OC(=O)c1csc(n1)-n1nc(cc1O)-c1cccc(F)c1
550.0,1,NS(=O)(=O)c1ccc(Cc2cn(-c3nc(cs3)C(O)=O)c3ncccc23)cc1
164.53031915402295,1,OC(=O)c1csc(n1)-n1nc(cc1O)-c1cccc(F)c1
189.8626145711218,1,OC(=O)c1csc(n1)-n1nc(cc1O)-c1cccc(c1)C(F)(F)F
200.17435243517903,1,OC(=O)c1csc(n1)-n1nc(cc1O)-c1cccc(c1)C(F)(F)F
563.7206609587727,1,COc1ccc(cc1)N1CCN(CC1)C(=O)COc1c(C)occc1=O
148.2807524872303,1,OC(=O)c1csc(n1)-n1nc(cc1O)-c1ccc(F)c(F)c1
554.0916673943099,1,NS(=O)(=O)c1ccc(Cc2cn(-c3nc(cs3)C(O)=O)c3ncccc23)cc1
700.0,1,Cc1occc(=O)c1OCCN1CCN(C(=O)c2ccco2)CC1
501.8674094374607,1,Cc1ccc(C(=O)O)cc1-c1cnc(N)c(N[C@H](C)c2ccc(Cl)cc2)n1
125.13002803298292,1,OC(=O)c1csc(n1)-n1nc(cc1O)-c1ccccc1F
268.55923743435494,1,OC1=C(Sc2ncccn2)C(=O)CC(C1)c1ccccc1
550.0,1,NS(=O)(=O)c1ccc(Cc2cn(-c3nc(cs3)C(O)=O)c3ncccc23)cc1
554.777567399452,1,NS(=O)(=O)c1ccc(Cc2cn(-c3nc(cs3)C(O)=O)c3ncccc23)cc1
172.83013538492918,1,OC(=O)c1csc(n1)-n1nc(cc1O)-c1cccc(Cl)c1
573.5253691750947,1,Cc1nnc(SC2=C(O)CC(CC2=O)c2ccccc2)s1
146.262657145086,1,OC(=O)c1csc(n1)-n1nc(cc1O)-c1ccccc1
266.3413898599751,1,OC(=O)c1csc(n1)-n1nc(cc1O)-c1cccc(c1)-c1ccccc1
550.0,1,NS(=O)(=O)c1ccc(Cc2cn(-c3nc(cs3)C(O)=O)c3ncccc23)cc1
150.0,1,OC(=O)c1csc(n1)-n1nc(cc1O)-c1ccc(F)c(F)c1
47.71017460719842,1,O=c1cc2c(nn1CC1CCN(C3=NS(=O)(=O)c4ccccc43)CC1)CCC2
147.82457940898925,1,OC(=O)c1csc(n1)-n1nc(cc1O)-c1ccc(F)c(F)c1
64.27857602803164,1,OC(=O)c1csc(n1)-n1nc(cc1O)-c1ccc(F)cc1F
550.724437616124,1,NS(=O)(=O)c1ccc(Cc2cn(-c3nc(cs3)C(O)=O)c3ncccc23)cc1
475.81501741505974,1,Cc1ccc(C(=O)O)cc1-c1cnc(N)c(N[C@H](C)c2ccc(Cl)cc2)n1
12.0,1,O=c1cc2c(nn1CC1CCN(C3=NS(=O)(=O)c4ccccc43)CC1)CCC2
158.31335150583666,1,OC(=O)c1csc(n1)-n1nc(cc1O)-c1cccc(F)c1
86.97915476388282,1,OC(=O)c1csc(n1)-n1nc(cc1O)-c1ccc(F)cc1F
560.0,1,COc1ccc(cc1)N1CCN(CC1)C(=O)COc1c(C)occc1=O
559.2154361865773,1,COc1ccc(cc1)N1CCN(CC1)C(=O)COc1c(C)occc1=O
161.6957910790145,1,OC(=O)c1csc(n1)-n1nc(cc1O)-c1cccc(F)c1
5.261461097254525,1,O=C1CC(c2ccc(N3CCOCC3)cc2)(c2ccsc2)NC(=O)C1Sc1ccccc1Cl
500.0,1,Cc1ccc(C(=O)O)cc1-c1cnc(N)c(N[C@H](C)c2ccc(Cl)cc2)n1
176.35169047312436,1,Nc1ccc2nc(SC3=C(O)CC(CC3=O)c3ccccc3)[nH]c2c1
555.9104705558573,1,COc1ccc(cc1)N1CCN(CC1)C(=O)COc1c(C)occc1=O
174.8011703978746,1,Nc1ccc2nc(SC3=C(O)CC(CC3=O)c3ccccc3)[nH]c2c1
695.1504516771963,1,Cc1occc(=O)c1OCCN1CCN(C(=O)c2ccco2)CC1
153.00291477797515,1,OC(=O)c1csc(n1)-n1nc(cc1O)-c1ccc(F)c(F)c1
225.51264015880423,1,COc1ccc(cc1)-c1cc(O)n(n1)-c1nc(cs1)C(O)=O
145.433534763201,1,OC(=O)c1csc(n1)-n1nc(cc1O)-c1ccccc1
550.0,1,NS(=O)(=O)c1ccc(Cc2cn(-c3nc(cs3)C(O)=O)c3ncccc23)cc1
5.0,1,O=C1CC(c2ccc(N3CCOCC3)cc2)(c2ccsc2)NC(=O)C1Sc1ccccc1Cl
670.399176299441,1,OC(=O)c1csc(n1)-n1nc(cc1O)-c1ccncc1
5.0,1,O=C1CC(c2ccc(N3CCOCC3)cc2)(c2ccsc2)NC(=O)C1Sc1ccccc1Cl
90.09789457762541,1,OC(=O)c1csc(n1)-n1nc(cc1O)-c1cccc(c1)-c1ccccc1F
268.4468829849374,1,OC1=C(Sc2ncccn2)C(=O)CC(C1)c1ccccc1
156.96479925086652,1,OC(=O)c1csc(n1)-n1nc(cc1O)-c1cccc(F)c1
145.48638593700696,1,OC(=O)c1csc(n1)-n1nc(cc1O)-c1ccccc1
517.7986339325631,1,Cc1ccc(C(=O)O)cc1-c1cnc(N)c(N[C@H](C)c2ccc(Cl)cc2)n1
150.0,1,OC(=O)c1csc(n1)-n1nc(cc1O)-c1ccc(F)c(F)c1
559.8560651137025,1,COc1ccc(cc1)N1CCN(CC1)C(=O)COc1c(C)occc1=O
99.52683297976974,1,OC(=O)c1csc(n1)-n1nc(cc1O)-c1cccc(c1)-c1ccccc1F
550.0,1,NS(=O)(=O)c1ccc(Cc2cn(-c3nc(cs3)C(O)=O)c3ncccc23)cc1
356.3344077912927,1,OC1=C(Sc2ccccc2Cl)C(=O)OC2(CCc3ccccc23)C1
187.69914525609906,1,OC(=O)c1csc(n1)-n1nc(cc1O)-c1cccc(c1)C(F)(F)F
535.1828929690012,1,NS(=O)(=O)c1ccc(Cc2cn(-c3nc(cs3)C(O)=O)c3ncccc23)cc1
550.0,1,NS(=O)(=O)c1ccc(Cc2cn(-c3nc(cs3)C(O)=O)c3ncccc23)cc1
208.0104578067989,1,OC(=O)c1csc(n1)-n1nc(cc1O)-c1cccc2ccccc12
631.1737774836434,1,OC(=O)c1csc(n1)-n1nc(cc1O)-c1ccncc1
550.0,1,NS(=O)(=O)c1ccc(Cc2cn(-c3nc(cs3)C(O)=O)c3ncccc23)cc1
650.1209961798083,1,OC(=O)c1csc(n1)-n1nc(cc1O)-c1ccncc1
95.2801428801873,1,OC(=O)c1csc(n1)-n1nc(cc1O)-c1cccc(c1)-c1ccccc1F
519.9252367198686,1,Cc1ccc(C(=O)O)cc1-c1cnc(N)c(N[C@H](C)c2ccc(Cl)cc2)n1
530.7925049026109,1,NS(=O)(=O)c1ccc(Cc2cn(-c3nc(cs3)C(O)=O)c3ncccc23)cc1
7.554344443926493,1,O=C1CC(c2ccc(N3CCOCC3)cc2)(c2ccsc2)NC(=O)C1Sc1ccccc1Cl
693.6574386319138,1,Cc1occc(=O)c1OCCN1CCN(C(=O)c2ccco2)CC1
550.0,1,NS(=O)(=O)c1ccc(Cc2cn(-c3nc(cs3)C(O)=O)c3ncccc23)cc1
531.2929957857118,1,NS(=O)(=O)c1ccc(Cc2cn(-c3nc(cs3)C(O)=O)c3ncccc23)cc1
294.0891501260085,1,OC(=O)c1csc(n1)-n1nc(cc1O)-c1cccc(OC(F)(F)F)c1
558.5648984118832,1,COc1ccc(cc1)N1CCN(CC1)C(=O)COc1c(C)occc1=O
87.7543700521916,1,OC(=O)c1csc(n1)-n1nc(cc1O)-c1ccc(F)cc1F
951.119671875571,1,Nc1nnc(SC2=C(O)CC(CC2=O)c2ccccc2)s1
350.75549409054366,1,OC1=C(Sc2ccccc2Cl)C(=O)OC2(CCc3ccccc23)C1
104.63628917309474,1,OC(=O)c1csc(n1)-n1nc(cc1O)-c1ccc(Cl)c(Cl)c1
150.0,1,OC(=O)c1csc(n1)-n1nc(cc1O)-c1ccc(F)c(F)c1
500.0,1,Cc1ccc(C(=O)O)cc1-c1cnc(N)c(N[C@H](C)c2ccc(Cl)cc2)n1
236.82983837333057,1,COc1ccc(cc1)-c1cc(O)n(n1)-c1nc(cs1)C(O)=O
150.0,1,OC(=O)c1csc(n1)-n1nc(cc1O)-c1ccc(F)c(F)c1
107.55267970482609,1,OC(=O)c1csc(n1)-n1nc(cc1O)-c1ccc(Cl)c(Cl)c1
217.8936543061694,1,OC(=O)c1csc(n1)-n1nc(cc1O)-c1cccc2ccccc12
555.4174710950848,1,COc1ccc(cc1)N1CCN(CC1)C(=O)COc1c(C)occc1=O
8.180682474788455,1,O=C1CC(c2ccc(N3CCOCC3)cc2)(c2ccsc2)NC(=O)C1Sc1ccccc1Cl
709.9509825079907,1,Cc1occc(=O)c1OCCN1CCN(C(=O)c2ccco2)CC1
758.0302350377755,1,Cc1occc(=O)c1OCCN1CCN(C(=O)c2ccco2)CC1
191.9883265855586,1,OC(=O)c1csc(n1)-n1nc(cc1O)-c1cccc(c1)C(F)(F)F
178.86420770347277,1,Nc1ccc2nc(SC3=C(O)CC(CC3=O)c3ccccc3)[nH]c2c1
550.0,1,NS(=O)(=O)c1ccc(Cc2cn(-c3nc(cs3)C(O)=O)c3ncccc23)cc1
186.29490926586854,1,OC(=O)c1csc(n1)-n1nc(cc1O)-c1cccc(c1)C(F)(F)F
700.0,1,Cc1occc(=O)c1OCCN1CCN(C(=O)c2ccco2)CC1
144.1093309539093,1,OC(=O)c1csc(n1)-n1nc(cc1O)-c1ccccc1
269.1166177049456,1,OC1=C(Sc2ncccn2)C(=O)CC(C1)c1ccccc1
58.95753509989219,1,OC(=O)c1csc(n1)-n1nc(cc1O)-c1ccc(F)cc1F
105.21692486693748,1,OC(=O)c1csc(n1)-n1nc(cc1O)-c1ccc(Cl)c(Cl)c1
107.44004958145669,1,OC(=O)c1csc(n1)-n1nc(cc1O)-c1ccc(Cl)c(Cl)c1
5.0,1,O=C1CC(c2ccc(N3CCOCC3)cc2)(c2ccsc2)NC(=O)C1Sc1ccccc1Cl
133.4414735423402,1,OC(=O)c1csc(n1)-n1nc(cc1O)-c1ccccc1F
97.78297276116596,1,OC(=O)c1csc(n1)-n1nc(cc1O)-c1cccc(c1)-c1ccccc1F
550.0,1,NS(=O)(=O)c1ccc(Cc2cn(-c3nc(cs3)C(O)=O)c3ncccc23)cc1
352.79194551507896,1,OC1=C(Sc2ccccc2Cl)C(=O)OC2(CCc3ccccc23)C1
678.4011478737114,1,OC(=O)c1csc(n1)-n1nc(cc1O)-c1ccncc1
553.7105715322011,1,NS(=O)(=O)c1ccc(Cc2cn(-c3nc(cs3)C(O)=O)c3ncccc23)cc1
160.52966416232465,1,OC(=O)c1csc(n1)-n1nc(cc1O)-c1cccc(F)c1
123.66777070835154,1,OC(=O)c1csc(n1)-n1nc(cc1O)-c1ccccc1F
92.83829023423334,1,OC(=O)c1csc(n1)-n1nc(cc1O)-c1cccc(c1)-c1ccccc1F
105.7694814114304,1,OC(=O)c1csc(n1)-n1nc(cc1O)-c1ccc(Cl)c(Cl)c1
12.0,1,O=c1cc2c(nn1CC1CCN(C3=NS(=O)(=O)c4ccccc43)CC1)CCC2
98.74077872538713,1,OC(=O)c1csc(n1)-n1nc(cc1O)-c1cccc(c1)-c1ccccc1F
581.0550134198683,1,Cc1nnc(SC2=C(O)CC(CC2=O)c2ccccc2)s1
550.0,1,NS(=O)(=O)c1ccc(Cc2cn(-c3nc(cs3)C(O)=O)c3ncccc23)cc1
322.86440907797163,1,OC(=O)c1csc(n1)-n1nc(cc1O)-c1cccc(OC(F)(F)F)c1
104.41972871310826,1,OC(=O)c1csc(n1)-n1nc(cc1O)-c1ccc(Cl)c(Cl)c1
552.2358703925801,1,NS(=O)(=O)c1ccc(Cc2cn(-c3nc(cs3)C(O)=O)c3ncccc23)cc1
108.29133806986769,1,OC(=O)c1csc(n1)-n1nc(cc1O)-c1cc(F)cc(F)c1
569.693974415501,1,COc1ccc(cc1)N1CCN(CC1)C(=O)COc1c(C)occc1=O
169.69904697788385,1,OC(=O)c1csc(n1)-n1nc(cc1O)-c1cccc(Cl)c1
101.43491041062528,1,OC(=O)c1csc(n1)-n1nc(cc1O)-c1ccc(Cl)c(Cl)c1
274.22125476288056,1,OC1=C(Sc2ncccn2)C(=O)CC(C1)c1ccccc1
95.0,1,OC(=O)c1csc(n1)-n1nc(cc1O)-c1cccc(c1)-c1ccccc1F
99.02183088460137,1,OC(=O)c1csc(n1)-n1nc(cc1O)-c1cccc(c1)-c1ccccc1F
591.693651198452,1,Cc1nnc(SC2=C(O)CC(CC2=O)c2ccccc2)s1
147.03151423468714,1,OC(=O)c1csc(n1)-n1nc(cc1O)-c1ccc(F)c(F)c1
127.23184117820193,1,OC(=O)c1csc(n1)-n1nc(cc1O)-c1ccccc1F
815.591567824796,1,OC1=C(Sc2ncc[nH]2)C(=O)CC(C1)c1ccccc1
129.92540591135182,1,OC(=O)c1csc(n1)-n1nc(cc1O)-c1ccccc1F
550.0,1,NS(=O)(=O)c1ccc(Cc2cn(-c3nc(cs3)C(O)=O)c3ncccc23)cc1
668.0354490182534,1,OC(=O)c1csc(n1)-n1nc(cc1O)-c1ccncc1
232.8793389668102,1,COc1ccc(cc1)-c1cc(O)n(n1)-c1nc(cs1)C(O)=O
659.0497522303115,1,OC(=O)c1csc(n1)-n1nc(cc1O)-c1ccncc1
148.0841181744575,1,OC(=O)c1csc(n1)-n1nc(cc1O)-c1ccc(F)c(F)c1
179.1011154069145,1,Nc1ccc2nc(SC3=C(O)CC(CC3=O)c3ccccc3)[nH]c2c1
144.29635711837466,1,OC(=O)c1csc(n1)-n1nc(cc1O)-c1ccccc1
528.6718944061643,1,NS(=O)(=O)c1ccc(Cc2cn(-c3nc(cs3)C(O)=O)c3ncccc23)cc1
550.0,1,NS(=O)(=O)c1ccc(Cc2cn(-c3nc(cs3)C(O)=O)c3ncccc23)cc1
107.79378208791329,1,OC(=O)c1csc(n1)-n1nc(cc1O)-c1ccc(Cl)c(Cl)c1
7.0524754018864515,1,O=C1CC(c2ccc(N3CCOCC3)cc2)(c2ccsc2)NC(=O)C1Sc1ccccc1Cl
814.1270272871143,1,OC1=C(Sc2ncc[nH]2)C(=O)CC(C1)c1ccccc1
155.8946677906133,1,OC(=O)c1csc(n1)-n1nc(cc1O)-c1ccc(F)c(F)c1
152.97150564674783,1,OC(=O)c1csc(n1)-n1nc(cc1O)-c1ccc(F)c(F)c1
10.54105330608094,1,O=c1cc2c(nn1CC1CCN(C3=NS(=O)(=O)c4ccccc43)CC1)CCC2
266.8415274288218,1,OC(=O)c1csc(n1)-n1nc(cc1O)-c1cccc(c1)-c1ccccc1
151.0944732365843,1,OC(=O)c1csc(n1)-n1nc(cc1O)-c1ccc(F)c(F)c1
315.5021725767677,1,OC(=O)c1csc(n1)-n1nc(cc1O)-c1cccc(OC(F)(F)F)c1
550.5755876001664,1,NS(=O)(=O)c1ccc(Cc2cn(-c3nc(cs3)C(O)=O)c3ncccc23)cc1
835.1413353028793,1,OC1=C(Sc2ncc[nH]2)C(=O)CC(C1)c1ccccc1
555.5846949862662,1,COc1ccc(cc1)N1CCN(CC1)C(=O)COc1c(C)occc1=O
